curated_category_id,stock_image_id,product_type_id
120,24649,STOCK-IMAGE
120,145927,STOCK-IMAGE
120,146004,STOCK-IMAGE
120,24837,STOCK-IMAGE
120,24841,STOCK-IMAGE
120,24842,STOCK-IMAGE
120,24844,STOCK-IMAGE
120,24846,STOCK-IMAGE
120,24848,STOCK-IMAGE
120,24849,STOCK-IMAGE
120,24850,STOCK-IMAGE
120,2851,STOCK-IMAGE
120,25157,STOCK-IMAGE
120,25163,STOCK-IMAGE
120,25164,STOCK-IMAGE
120,25170,STOCK-IMAGE
120,25171,STOCK-IMAGE
120,25173,STOCK-IMAGE
120,146757,STOCK-IMAGE
120,146759,STOCK-IMAGE
120,41088,STOCK-IMAGE
120,12879,STOCK-IMAGE
120,12259,STOCK-IMAGE
120,11910,STOCK-IMAGE
120,36953,STOCK-IMAGE
120,80560,STOCK-IMAGE
120,197457,STOCK-IMAGE
120,139949,STOCK-IMAGE
120,161148,STOCK-IMAGE
120,225343,STOCK-IMAGE
120,184521,STOCK-IMAGE
120,88369,STOCK-IMAGE
120,151368,STOCK-IMAGE
120,159998,STOCK-IMAGE
120,142746,STOCK-IMAGE
120,10051,STOCK-IMAGE
120,151121,STOCK-IMAGE
120,246928,STOCK-IMAGE
120,77831,STOCK-IMAGE
120,77831,STOCK-IMAGE
120,304566,STOCK-IMAGE
120,27822,STOCK-IMAGE
120,27834,STOCK-IMAGE
120,27800,STOCK-IMAGE
120,27800,STOCK-IMAGE
120,27802,STOCK-IMAGE
120,42470,STOCK-IMAGE
120,196507,STOCK-IMAGE
120,196507,STOCK-IMAGE
120,76774,STOCK-IMAGE
120,275290,STOCK-IMAGE
120,45554,STOCK-IMAGE
120,45555,STOCK-IMAGE
120,45556,STOCK-IMAGE
120,45568,STOCK-IMAGE
120,253689,STOCK-IMAGE
120,253690,STOCK-IMAGE
120,253691,STOCK-IMAGE
120,105007,STOCK-IMAGE
120,214330,STOCK-IMAGE
120,214331,STOCK-IMAGE
120,214332,STOCK-IMAGE
120,214333,STOCK-IMAGE
120,303774,STOCK-IMAGE
120,303775,STOCK-IMAGE
120,149009,STOCK-IMAGE
120,117987,STOCK-IMAGE
120,56143,STOCK-IMAGE
120,276240,STOCK-IMAGE
120,103576,STOCK-IMAGE
120,103577,STOCK-IMAGE
120,103579,STOCK-IMAGE
120,103581,STOCK-IMAGE
120,93676,STOCK-IMAGE
120,88911,STOCK-IMAGE
120,88912,STOCK-IMAGE
120,88913,STOCK-IMAGE
120,89618,STOCK-IMAGE
120,89622,STOCK-IMAGE
120,90337,STOCK-IMAGE
120,90376,STOCK-IMAGE
120,185671,STOCK-IMAGE
120,91770,STOCK-IMAGE
120,92002,STOCK-IMAGE
120,92040,STOCK-IMAGE
120,92576,STOCK-IMAGE
120,92952,STOCK-IMAGE
120,269642,STOCK-IMAGE
120,284296,STOCK-IMAGE
120,284297,STOCK-IMAGE
120,239558,STOCK-IMAGE
120,201277,STOCK-IMAGE
120,350216,STOCK-IMAGE
120,130123,STOCK-IMAGE
120,130405,STOCK-IMAGE
120,136460,STOCK-IMAGE
120,132984,STOCK-IMAGE
120,126965,STOCK-IMAGE
120,126958,STOCK-IMAGE
120,129306,STOCK-IMAGE
120,129301,STOCK-IMAGE
120,128334,STOCK-IMAGE
120,135922,STOCK-IMAGE
120,135180,STOCK-IMAGE
120,127863,STOCK-IMAGE
120,127603,STOCK-IMAGE
120,131795,STOCK-IMAGE
120,128292,STOCK-IMAGE
120,135313,STOCK-IMAGE
120,136798,STOCK-IMAGE
120,129334,STOCK-IMAGE
120,129844,STOCK-IMAGE
120,128914,STOCK-IMAGE
120,129662,STOCK-IMAGE
120,129789,STOCK-IMAGE
120,129663,STOCK-IMAGE
120,163064,STOCK-IMAGE
120,163065,STOCK-IMAGE
120,281578,STOCK-IMAGE
120,281579,STOCK-IMAGE
120,194762,STOCK-IMAGE
120,194770,STOCK-IMAGE
120,194774,STOCK-IMAGE
120,194775,STOCK-IMAGE
120,337204,STOCK-IMAGE
120,351847,STOCK-IMAGE
120,255701,STOCK-IMAGE
120,255783,STOCK-IMAGE
121,146610,STOCK-IMAGE
121,224242,STOCK-IMAGE
121,224243,STOCK-IMAGE
121,252135,STOCK-IMAGE
121,164537,STOCK-IMAGE
121,246554,STOCK-IMAGE
121,246672,STOCK-IMAGE
121,261765,STOCK-IMAGE
121,264697,STOCK-IMAGE
121,264698,STOCK-IMAGE
121,264747,STOCK-IMAGE
121,276187,STOCK-IMAGE
121,307344,STOCK-IMAGE
121,264794,STOCK-IMAGE
121,246916,STOCK-IMAGE
121,246917,STOCK-IMAGE
121,264192,STOCK-IMAGE
121,150287,STOCK-IMAGE
121,218583,STOCK-IMAGE
121,232260,STOCK-IMAGE
121,261359,STOCK-IMAGE
121,261360,STOCK-IMAGE
121,261361,STOCK-IMAGE
121,261362,STOCK-IMAGE
121,242407,STOCK-IMAGE
121,242408,STOCK-IMAGE
121,254773,STOCK-IMAGE
121,99621,STOCK-IMAGE
121,232101,STOCK-IMAGE
121,262895,STOCK-IMAGE
121,262896,STOCK-IMAGE
121,221819,STOCK-IMAGE
121,220205,STOCK-IMAGE
121,220212,STOCK-IMAGE
121,220218,STOCK-IMAGE
121,220231,STOCK-IMAGE
121,220235,STOCK-IMAGE
121,221822,STOCK-IMAGE
121,30476,STOCK-IMAGE
121,30477,STOCK-IMAGE
121,249098,STOCK-IMAGE
121,248756,STOCK-IMAGE
121,248753,STOCK-IMAGE
121,254846,STOCK-IMAGE
121,254845,STOCK-IMAGE
121,254862,STOCK-IMAGE
121,254857,STOCK-IMAGE
121,254859,STOCK-IMAGE
121,254860,STOCK-IMAGE
121,254861,STOCK-IMAGE
121,170142,STOCK-IMAGE
121,156154,STOCK-IMAGE
121,170190,STOCK-IMAGE
121,161225,STOCK-IMAGE
121,161226,STOCK-IMAGE
121,170269,STOCK-IMAGE
121,170272,STOCK-IMAGE
121,170273,STOCK-IMAGE
121,226411,STOCK-IMAGE
121,226412,STOCK-IMAGE
121,225381,STOCK-IMAGE
121,225382,STOCK-IMAGE
121,225383,STOCK-IMAGE
121,282977,STOCK-IMAGE
121,47643,STOCK-IMAGE
121,73567,STOCK-IMAGE
121,73571,STOCK-IMAGE
121,190016,STOCK-IMAGE
121,270710,STOCK-IMAGE
121,105926,STOCK-IMAGE
121,80709,STOCK-IMAGE
121,80710,STOCK-IMAGE
121,175051,STOCK-IMAGE
121,221308,STOCK-IMAGE
121,220588,STOCK-IMAGE
121,261953,STOCK-IMAGE
121,265191,STOCK-IMAGE
121,265190,STOCK-IMAGE
121,281881,STOCK-IMAGE
121,281880,STOCK-IMAGE
121,281878,STOCK-IMAGE
121,165950,STOCK-IMAGE
121,165951,STOCK-IMAGE
121,165972,STOCK-IMAGE
121,234548,STOCK-IMAGE
121,234549,STOCK-IMAGE
121,234552,STOCK-IMAGE
121,234553,STOCK-IMAGE
121,239622,STOCK-IMAGE
121,239623,STOCK-IMAGE
121,270391,STOCK-IMAGE
121,270392,STOCK-IMAGE
121,226788,STOCK-IMAGE
121,226789,STOCK-IMAGE
121,231228,STOCK-IMAGE
121,231229,STOCK-IMAGE
121,254781,STOCK-IMAGE
121,254782,STOCK-IMAGE
121,252610,STOCK-IMAGE
121,237025,STOCK-IMAGE
121,237026,STOCK-IMAGE
121,237073,STOCK-IMAGE
121,237074,STOCK-IMAGE
121,237075,STOCK-IMAGE
121,237076,STOCK-IMAGE
121,237144,STOCK-IMAGE
121,237145,STOCK-IMAGE
121,237151,STOCK-IMAGE
121,237212,STOCK-IMAGE
121,237213,STOCK-IMAGE
121,237214,STOCK-IMAGE
121,237217,STOCK-IMAGE
121,237218,STOCK-IMAGE
121,237849,STOCK-IMAGE
121,237850,STOCK-IMAGE
121,237851,STOCK-IMAGE
121,237852,STOCK-IMAGE
121,156088,STOCK-IMAGE
121,156089,STOCK-IMAGE
121,238981,STOCK-IMAGE
121,221305,STOCK-IMAGE
121,167053,STOCK-IMAGE
121,167054,STOCK-IMAGE
121,231524,STOCK-IMAGE
121,227323,STOCK-IMAGE
121,227324,STOCK-IMAGE
121,232244,STOCK-IMAGE
121,232243,STOCK-IMAGE
121,234352,STOCK-IMAGE
121,234353,STOCK-IMAGE
121,239329,STOCK-IMAGE
121,239330,STOCK-IMAGE
121,232245,STOCK-IMAGE
121,232246,STOCK-IMAGE
121,147722,STOCK-IMAGE
121,147723,STOCK-IMAGE
121,155573,STOCK-IMAGE
121,155574,STOCK-IMAGE
121,155981,STOCK-IMAGE
121,155579,STOCK-IMAGE
121,155580,STOCK-IMAGE
121,165050,STOCK-IMAGE
121,165051,STOCK-IMAGE
121,195887,STOCK-IMAGE
121,226506,STOCK-IMAGE
121,165210,STOCK-IMAGE
121,226507,STOCK-IMAGE
121,165211,STOCK-IMAGE
121,165221,STOCK-IMAGE
121,165222,STOCK-IMAGE
121,165362,STOCK-IMAGE
121,165720,STOCK-IMAGE
121,165721,STOCK-IMAGE
121,183351,STOCK-IMAGE
121,183352,STOCK-IMAGE
121,183569,STOCK-IMAGE
121,183570,STOCK-IMAGE
121,214629,STOCK-IMAGE
121,215429,STOCK-IMAGE
121,215430,STOCK-IMAGE
121,228284,STOCK-IMAGE
121,228285,STOCK-IMAGE
121,228669,STOCK-IMAGE
121,244076,STOCK-IMAGE
121,228670,STOCK-IMAGE
121,244077,STOCK-IMAGE
121,226541,STOCK-IMAGE
121,229050,STOCK-IMAGE
121,227231,STOCK-IMAGE
121,229904,STOCK-IMAGE
121,230055,STOCK-IMAGE
121,230069,STOCK-IMAGE
121,230367,STOCK-IMAGE
121,230612,STOCK-IMAGE
121,230702,STOCK-IMAGE
121,239663,STOCK-IMAGE
121,244718,STOCK-IMAGE
121,244746,STOCK-IMAGE
121,244747,STOCK-IMAGE
121,245122,STOCK-IMAGE
121,245123,STOCK-IMAGE
121,259018,STOCK-IMAGE
121,259019,STOCK-IMAGE
121,259020,STOCK-IMAGE
121,259021,STOCK-IMAGE
121,217151,STOCK-IMAGE
121,214313,STOCK-IMAGE
121,254443,STOCK-IMAGE
121,254444,STOCK-IMAGE
121,42682,STOCK-IMAGE
121,42683,STOCK-IMAGE
121,42684,STOCK-IMAGE
121,42685,STOCK-IMAGE
121,244164,STOCK-IMAGE
121,43259,STOCK-IMAGE
121,78235,STOCK-IMAGE
121,42814,STOCK-IMAGE
121,44198,STOCK-IMAGE
121,244113,STOCK-IMAGE
121,43517,STOCK-IMAGE
121,218537,STOCK-IMAGE
121,87280,STOCK-IMAGE
121,87281,STOCK-IMAGE
121,166667,STOCK-IMAGE
121,264189,STOCK-IMAGE
121,264188,STOCK-IMAGE
121,56521,STOCK-IMAGE
121,249423,STOCK-IMAGE
121,304942,STOCK-IMAGE
121,239537,STOCK-IMAGE
121,263412,STOCK-IMAGE
121,284387,STOCK-IMAGE
121,284388,STOCK-IMAGE
121,284393,STOCK-IMAGE
121,239564,STOCK-IMAGE
121,239565,STOCK-IMAGE
121,262564,STOCK-IMAGE
121,262565,STOCK-IMAGE
121,262710,STOCK-IMAGE
121,262711,STOCK-IMAGE
121,262712,STOCK-IMAGE
121,262350,STOCK-IMAGE
121,262351,STOCK-IMAGE
121,262718,STOCK-IMAGE
121,262720,STOCK-IMAGE
121,262722,STOCK-IMAGE
121,262723,STOCK-IMAGE
121,264480,STOCK-IMAGE
121,264482,STOCK-IMAGE
121,271001,STOCK-IMAGE
121,283524,STOCK-IMAGE
121,283525,STOCK-IMAGE
121,283526,STOCK-IMAGE
121,283529,STOCK-IMAGE
121,283530,STOCK-IMAGE
121,262789,STOCK-IMAGE
121,262372,STOCK-IMAGE
121,262373,STOCK-IMAGE
121,262800,STOCK-IMAGE
121,262801,STOCK-IMAGE
121,276025,STOCK-IMAGE
121,276026,STOCK-IMAGE
121,212229,STOCK-IMAGE
121,263044,STOCK-IMAGE
121,263045,STOCK-IMAGE
121,263048,STOCK-IMAGE
121,263271,STOCK-IMAGE
121,263274,STOCK-IMAGE
121,157968,STOCK-IMAGE
121,157969,STOCK-IMAGE
121,157970,STOCK-IMAGE
121,157971,STOCK-IMAGE
121,263308,STOCK-IMAGE
121,158023,STOCK-IMAGE
121,158024,STOCK-IMAGE
121,158084,STOCK-IMAGE
121,158085,STOCK-IMAGE
121,158101,STOCK-IMAGE
121,158102,STOCK-IMAGE
121,158159,STOCK-IMAGE
121,240489,STOCK-IMAGE
121,158305,STOCK-IMAGE
121,170490,STOCK-IMAGE
121,170491,STOCK-IMAGE
121,158386,STOCK-IMAGE
121,158391,STOCK-IMAGE
121,158392,STOCK-IMAGE
121,158393,STOCK-IMAGE
121,158394,STOCK-IMAGE
121,170496,STOCK-IMAGE
121,263378,STOCK-IMAGE
121,263387,STOCK-IMAGE
121,170384,STOCK-IMAGE
121,170390,STOCK-IMAGE
121,270431,STOCK-IMAGE
121,234017,STOCK-IMAGE
121,270411,STOCK-IMAGE
121,246831,STOCK-IMAGE
121,240440,STOCK-IMAGE
121,246734,STOCK-IMAGE
121,261505,STOCK-IMAGE
121,279024,STOCK-IMAGE
121,270824,STOCK-IMAGE
121,325225,STOCK-IMAGE
121,325226,STOCK-IMAGE
122,13840,STOCK-IMAGE
122,4624,STOCK-IMAGE
122,4625,STOCK-IMAGE
122,4626,STOCK-IMAGE
122,4627,STOCK-IMAGE
122,4628,STOCK-IMAGE
122,4629,STOCK-IMAGE
122,1526,STOCK-IMAGE
122,9494,STOCK-IMAGE
122,3423,STOCK-IMAGE
122,3424,STOCK-IMAGE
122,3426,STOCK-IMAGE
122,3427,STOCK-IMAGE
122,3479,STOCK-IMAGE
122,3483,STOCK-IMAGE
122,3484,STOCK-IMAGE
122,3485,STOCK-IMAGE
122,3486,STOCK-IMAGE
122,3487,STOCK-IMAGE
122,3488,STOCK-IMAGE
122,3490,STOCK-IMAGE
122,3493,STOCK-IMAGE
122,3498,STOCK-IMAGE
122,3501,STOCK-IMAGE
122,3513,STOCK-IMAGE
122,3514,STOCK-IMAGE
122,3532,STOCK-IMAGE
122,169689,STOCK-IMAGE
122,21295,STOCK-IMAGE
122,21305,STOCK-IMAGE
122,12439,STOCK-IMAGE
122,11988,STOCK-IMAGE
122,171058,STOCK-IMAGE
122,332635,STOCK-IMAGE
122,13652,STOCK-IMAGE
122,184416,STOCK-IMAGE
122,184418,STOCK-IMAGE
122,14797,STOCK-IMAGE
122,14800,STOCK-IMAGE
122,14801,STOCK-IMAGE
122,254859,STOCK-IMAGE
122,254886,STOCK-IMAGE
122,184487,STOCK-IMAGE
122,184486,STOCK-IMAGE
122,65774,STOCK-IMAGE
122,199224,STOCK-IMAGE
122,199225,STOCK-IMAGE
122,199226,STOCK-IMAGE
122,211234,STOCK-IMAGE
122,51258,STOCK-IMAGE
122,51255,STOCK-IMAGE
122,206806,STOCK-IMAGE
122,7920,STOCK-IMAGE
122,17993,STOCK-IMAGE
122,129436,STOCK-IMAGE
122,129437,STOCK-IMAGE
122,172255,STOCK-IMAGE
122,192614,STOCK-IMAGE
122,192613,STOCK-IMAGE
122,192603,STOCK-IMAGE
122,192758,STOCK-IMAGE
122,192757,STOCK-IMAGE
122,20826,STOCK-IMAGE
122,20827,STOCK-IMAGE
122,20431,STOCK-IMAGE
122,97689,STOCK-IMAGE
122,97690,STOCK-IMAGE
122,20438,STOCK-IMAGE
122,20439,STOCK-IMAGE
122,20456,STOCK-IMAGE
122,20457,STOCK-IMAGE
122,20472,STOCK-IMAGE
122,20491,STOCK-IMAGE
122,20502,STOCK-IMAGE
122,166735,STOCK-IMAGE
122,20574,STOCK-IMAGE
122,20575,STOCK-IMAGE
122,20583,STOCK-IMAGE
122,20607,STOCK-IMAGE
122,20612,STOCK-IMAGE
122,20618,STOCK-IMAGE
122,20619,STOCK-IMAGE
122,20728,STOCK-IMAGE
122,20729,STOCK-IMAGE
122,19326,STOCK-IMAGE
122,236695,STOCK-IMAGE
122,236726,STOCK-IMAGE
122,236751,STOCK-IMAGE
122,227067,STOCK-IMAGE
122,183655,STOCK-IMAGE
122,197283,STOCK-IMAGE
122,197284,STOCK-IMAGE
122,197285,STOCK-IMAGE
122,197286,STOCK-IMAGE
122,214662,STOCK-IMAGE
122,259667,STOCK-IMAGE
122,275487,STOCK-IMAGE
122,202762,STOCK-IMAGE
122,60223,STOCK-IMAGE
122,45554,STOCK-IMAGE
122,45555,STOCK-IMAGE
122,45556,STOCK-IMAGE
122,45568,STOCK-IMAGE
122,49271,STOCK-IMAGE
122,49273,STOCK-IMAGE
122,81120,STOCK-IMAGE
122,97484,STOCK-IMAGE
122,97485,STOCK-IMAGE
122,97496,STOCK-IMAGE
122,162800,STOCK-IMAGE
122,167261,STOCK-IMAGE
122,167262,STOCK-IMAGE
122,167399,STOCK-IMAGE
122,167400,STOCK-IMAGE
122,244170,STOCK-IMAGE
122,312007,STOCK-IMAGE
122,163218,STOCK-IMAGE
122,163222,STOCK-IMAGE
122,163221,STOCK-IMAGE
122,167266,STOCK-IMAGE
122,167401,STOCK-IMAGE
122,167402,STOCK-IMAGE
122,218493,STOCK-IMAGE
122,218494,STOCK-IMAGE
122,281119,STOCK-IMAGE
122,281120,STOCK-IMAGE
122,149052,STOCK-IMAGE
122,218510,STOCK-IMAGE
122,218433,STOCK-IMAGE
122,218434,STOCK-IMAGE
122,162801,STOCK-IMAGE
122,163219,STOCK-IMAGE
122,167267,STOCK-IMAGE
122,244169,STOCK-IMAGE
122,281122,STOCK-IMAGE
122,218538,STOCK-IMAGE
122,197571,STOCK-IMAGE
122,60315,STOCK-IMAGE
122,58284,STOCK-IMAGE
122,58285,STOCK-IMAGE
122,58286,STOCK-IMAGE
122,58287,STOCK-IMAGE
122,58290,STOCK-IMAGE
122,58291,STOCK-IMAGE
122,58297,STOCK-IMAGE
122,58298,STOCK-IMAGE
122,58317,STOCK-IMAGE
122,58557,STOCK-IMAGE
122,58642,STOCK-IMAGE
122,58643,STOCK-IMAGE
122,58651,STOCK-IMAGE
122,58655,STOCK-IMAGE
122,58717,STOCK-IMAGE
122,58729,STOCK-IMAGE
122,58733,STOCK-IMAGE
122,58734,STOCK-IMAGE
122,58943,STOCK-IMAGE
122,58944,STOCK-IMAGE
122,172726,STOCK-IMAGE
122,172731,STOCK-IMAGE
122,172753,STOCK-IMAGE
122,172754,STOCK-IMAGE
122,172743,STOCK-IMAGE
122,51036,STOCK-IMAGE
122,85367,STOCK-IMAGE
122,85368,STOCK-IMAGE
122,85369,STOCK-IMAGE
122,85370,STOCK-IMAGE
122,85381,STOCK-IMAGE
122,85382,STOCK-IMAGE
122,93629,STOCK-IMAGE
122,88895,STOCK-IMAGE
122,89172,STOCK-IMAGE
122,89641,STOCK-IMAGE
122,89642,STOCK-IMAGE
122,89935,STOCK-IMAGE
122,90404,STOCK-IMAGE
122,90414,STOCK-IMAGE
122,90560,STOCK-IMAGE
122,90666,STOCK-IMAGE
122,90669,STOCK-IMAGE
122,90670,STOCK-IMAGE
122,90689,STOCK-IMAGE
122,90852,STOCK-IMAGE
122,90882,STOCK-IMAGE
122,90883,STOCK-IMAGE
122,91149,STOCK-IMAGE
122,91441,STOCK-IMAGE
122,92497,STOCK-IMAGE
122,92502,STOCK-IMAGE
122,97235,STOCK-IMAGE
122,97236,STOCK-IMAGE
122,130406,STOCK-IMAGE
122,135771,STOCK-IMAGE
122,263215,STOCK-IMAGE
122,158139,STOCK-IMAGE
122,158139,STOCK-IMAGE
122,158140,STOCK-IMAGE
122,158140,STOCK-IMAGE
122,307967,STOCK-IMAGE
122,307968,STOCK-IMAGE
122,307970,STOCK-IMAGE
122,255717,STOCK-IMAGE
122,255755,STOCK-IMAGE
122,316860,STOCK-IMAGE
122,316852,STOCK-IMAGE
123,58,STOCK-IMAGE
123,59,STOCK-IMAGE
123,719,STOCK-IMAGE
123,720,STOCK-IMAGE
123,723,STOCK-IMAGE
123,724,STOCK-IMAGE
123,1702,STOCK-IMAGE
123,1703,STOCK-IMAGE
123,1705,STOCK-IMAGE
123,1007,STOCK-IMAGE
123,1008,STOCK-IMAGE
123,1280,STOCK-IMAGE
123,64178,STOCK-IMAGE
123,64179,STOCK-IMAGE
123,2887,STOCK-IMAGE
123,2963,STOCK-IMAGE
123,2968,STOCK-IMAGE
123,3057,STOCK-IMAGE
123,560,STOCK-IMAGE
123,567,STOCK-IMAGE
123,568,STOCK-IMAGE
123,770,STOCK-IMAGE
123,771,STOCK-IMAGE
123,3746,STOCK-IMAGE
123,3784,STOCK-IMAGE
123,3785,STOCK-IMAGE
123,3788,STOCK-IMAGE
123,3789,STOCK-IMAGE
123,25505,STOCK-IMAGE
123,193800,STOCK-IMAGE
123,190423,STOCK-IMAGE
123,151247,STOCK-IMAGE
123,11095,STOCK-IMAGE
123,162684,STOCK-IMAGE
123,232101,STOCK-IMAGE
123,156140,STOCK-IMAGE
123,199028,STOCK-IMAGE
123,170141,STOCK-IMAGE
123,15261,STOCK-IMAGE
123,15262,STOCK-IMAGE
123,51334,STOCK-IMAGE
123,160002,STOCK-IMAGE
123,160000,STOCK-IMAGE
123,159991,STOCK-IMAGE
123,206076,STOCK-IMAGE
123,206079,STOCK-IMAGE
123,206081,STOCK-IMAGE
123,159997,STOCK-IMAGE
123,160005,STOCK-IMAGE
123,85779,STOCK-IMAGE
123,85780,STOCK-IMAGE
123,85781,STOCK-IMAGE
123,158813,STOCK-IMAGE
123,158814,STOCK-IMAGE
123,157636,STOCK-IMAGE
123,192485,STOCK-IMAGE
123,261889,STOCK-IMAGE
123,20804,STOCK-IMAGE
123,38252,STOCK-IMAGE
123,34653,STOCK-IMAGE
123,104464,STOCK-IMAGE
123,38452,STOCK-IMAGE
123,68660,STOCK-IMAGE
123,68661,STOCK-IMAGE
123,164782,STOCK-IMAGE
123,164783,STOCK-IMAGE
123,210324,STOCK-IMAGE
123,210325,STOCK-IMAGE
123,215267,STOCK-IMAGE
123,259428,STOCK-IMAGE
123,48879,STOCK-IMAGE
123,48882,STOCK-IMAGE
123,156789,STOCK-IMAGE
123,49230,STOCK-IMAGE
123,49235,STOCK-IMAGE
123,49278,STOCK-IMAGE
123,88657,STOCK-IMAGE
123,156927,STOCK-IMAGE
123,156933,STOCK-IMAGE
123,167311,STOCK-IMAGE
123,167315,STOCK-IMAGE
123,193476,STOCK-IMAGE
123,106014,STOCK-IMAGE
123,189760,STOCK-IMAGE
123,194414,STOCK-IMAGE
123,194415,STOCK-IMAGE
123,249295,STOCK-IMAGE
123,249372,STOCK-IMAGE
123,105572,STOCK-IMAGE
123,105573,STOCK-IMAGE
123,105574,STOCK-IMAGE
123,105575,STOCK-IMAGE
123,56056,STOCK-IMAGE
123,56102,STOCK-IMAGE
123,58046,STOCK-IMAGE
123,58297,STOCK-IMAGE
123,58298,STOCK-IMAGE
123,58355,STOCK-IMAGE
123,58356,STOCK-IMAGE
123,58374,STOCK-IMAGE
123,58375,STOCK-IMAGE
123,58376,STOCK-IMAGE
123,58377,STOCK-IMAGE
123,58383,STOCK-IMAGE
123,58452,STOCK-IMAGE
123,58505,STOCK-IMAGE
123,58736,STOCK-IMAGE
123,248525,STOCK-IMAGE
123,93823,STOCK-IMAGE
123,88854,STOCK-IMAGE
123,89116,STOCK-IMAGE
123,89421,STOCK-IMAGE
123,89480,STOCK-IMAGE
123,89542,STOCK-IMAGE
123,89542,STOCK-IMAGE
123,89605,STOCK-IMAGE
123,89725,STOCK-IMAGE
123,89727,STOCK-IMAGE
123,89728,STOCK-IMAGE
123,89813,STOCK-IMAGE
123,185394,STOCK-IMAGE
123,90161,STOCK-IMAGE
123,90291,STOCK-IMAGE
123,90298,STOCK-IMAGE
123,90299,STOCK-IMAGE
123,90790,STOCK-IMAGE
123,185965,STOCK-IMAGE
123,90904,STOCK-IMAGE
123,186081,STOCK-IMAGE
123,186245,STOCK-IMAGE
123,91288,STOCK-IMAGE
123,186793,STOCK-IMAGE
123,169850,STOCK-IMAGE
123,126781,STOCK-IMAGE
123,128529,STOCK-IMAGE
123,128525,STOCK-IMAGE
123,128578,STOCK-IMAGE
123,128562,STOCK-IMAGE
123,134710,STOCK-IMAGE
123,129193,STOCK-IMAGE
123,127828,STOCK-IMAGE
123,128448,STOCK-IMAGE
123,131532,STOCK-IMAGE
123,133666,STOCK-IMAGE
123,131779,STOCK-IMAGE
123,131780,STOCK-IMAGE
123,131459,STOCK-IMAGE
123,131460,STOCK-IMAGE
123,131460,STOCK-IMAGE
123,131461,STOCK-IMAGE
123,131462,STOCK-IMAGE
123,131622,STOCK-IMAGE
123,129758,STOCK-IMAGE
123,129789,STOCK-IMAGE
123,263026,STOCK-IMAGE
123,263031,STOCK-IMAGE
123,244504,STOCK-IMAGE
123,246733,STOCK-IMAGE
123,255712,STOCK-IMAGE
123,255716,STOCK-IMAGE
123,255719,STOCK-IMAGE
123,255721,STOCK-IMAGE
123,255726,STOCK-IMAGE
123,261098,STOCK-IMAGE
123,255788,STOCK-IMAGE
123,255799,STOCK-IMAGE
