curated_category_id,product_id,product_type
100,217544,STOCK-IMAGE
100,208435,STOCK-IMAGE
100,210773,STOCK-IMAGE
100,246664,STOCK-IMAGE
100,264100,STOCK-IMAGE
100,36416,STOCK-IMAGE
100,36417,STOCK-IMAGE
100,13255,STOCK-IMAGE
100,12864,STOCK-IMAGE
100,198836,STOCK-IMAGE
100,240118,STOCK-IMAGE
100,220188,STOCK-IMAGE
100,232319,STOCK-IMAGE
100,11037,STOCK-IMAGE
100,81860,STOCK-IMAGE
100,24267,STOCK-IMAGE
100,24268,STOCK-IMAGE
100,207277,STOCK-IMAGE
100,310182,STOCK-IMAGE
100,189868,STOCK-IMAGE
100,192974,STOCK-IMAGE
100,157761,STOCK-IMAGE
100,158837,STOCK-IMAGE
100,192247,STOCK-IMAGE
100,158913,STOCK-IMAGE
100,247297,STOCK-IMAGE
100,175136,STOCK-IMAGE
100,175137,STOCK-IMAGE
100,175138,STOCK-IMAGE
100,192823,STOCK-IMAGE
100,194964,STOCK-IMAGE
100,201762,STOCK-IMAGE
100,284552,STOCK-IMAGE
100,261845,STOCK-IMAGE
100,247347,STOCK-IMAGE
100,247360,STOCK-IMAGE
100,257876,STOCK-IMAGE
100,286474,STOCK-IMAGE
100,37041,STOCK-IMAGE
100,73282,STOCK-IMAGE
100,19338,STOCK-IMAGE
100,28973,STOCK-IMAGE
100,49557,STOCK-IMAGE
100,220395,STOCK-IMAGE
100,237801,STOCK-IMAGE
100,237802,STOCK-IMAGE
100,61243,STOCK-IMAGE
100,228933,STOCK-IMAGE
100,286139,STOCK-IMAGE
100,286140,STOCK-IMAGE
100,232556,STOCK-IMAGE
100,279510,STOCK-IMAGE
100,279931,STOCK-IMAGE
100,49249,STOCK-IMAGE
100,169581,STOCK-IMAGE
100,157108,STOCK-IMAGE
100,157172,STOCK-IMAGE
100,157173,STOCK-IMAGE
100,157202,STOCK-IMAGE
100,157259,STOCK-IMAGE
100,167936,STOCK-IMAGE
100,167933,STOCK-IMAGE
100,167932,STOCK-IMAGE
100,167924,STOCK-IMAGE
100,167923,STOCK-IMAGE
100,233596,STOCK-IMAGE
100,233606,STOCK-IMAGE
100,280435,STOCK-IMAGE
100,280436,STOCK-IMAGE
100,280440,STOCK-IMAGE
100,281041,STOCK-IMAGE
100,117966,STOCK-IMAGE
100,118076,STOCK-IMAGE
100,44051,STOCK-IMAGE
100,64992,STOCK-IMAGE
100,197529,STOCK-IMAGE
100,59120,STOCK-IMAGE
100,23928,STOCK-IMAGE
100,248198,STOCK-IMAGE
100,247902,STOCK-IMAGE
100,248196,STOCK-IMAGE
100,247828,STOCK-IMAGE
100,88830,STOCK-IMAGE
100,89944,STOCK-IMAGE
100,89947,STOCK-IMAGE
100,90435,STOCK-IMAGE
100,283131,STOCK-IMAGE
100,307827,STOCK-IMAGE
100,263054,STOCK-IMAGE
100,157919,STOCK-IMAGE
100,322332,STOCK-IMAGE
100,251953,STOCK-IMAGE
100,251954,STOCK-IMAGE
100,254973,STOCK-IMAGE
100,254976,STOCK-IMAGE
100,254979,STOCK-IMAGE
100,254980,STOCK-IMAGE
100,255848,STOCK-IMAGE
100,255849,STOCK-IMAGE
100,255837,STOCK-IMAGE
100,318331,STOCK-IMAGE
100,318332,STOCK-IMAGE
100,318333,STOCK-IMAGE
100,318335,STOCK-IMAGE
100,316845,STOCK-IMAGE
100,316846,STOCK-IMAGE
100,63715,STOCK-IMAGE
100,63716,STOCK-IMAGE
100,93,STOCK-IMAGE
100,94,STOCK-IMAGE
100,1550,STOCK-IMAGE
100,82931,STOCK-IMAGE
100,145618,STOCK-IMAGE
100,145621,STOCK-IMAGE
100,256158,STOCK-IMAGE
100,162235,STOCK-IMAGE
100,55393,STOCK-IMAGE
100,55394,STOCK-IMAGE
100,265498,STOCK-IMAGE
100,124342,STOCK-IMAGE
100,190072,STOCK-IMAGE
100,219041,STOCK-IMAGE
101,29604,STOCK-IMAGE
101,2970,STOCK-IMAGE
101,2971,STOCK-IMAGE
101,3729,STOCK-IMAGE
101,299311,STOCK-IMAGE
101,299312,STOCK-IMAGE
101,299313,STOCK-IMAGE
101,300090,STOCK-IMAGE
101,300091,STOCK-IMAGE
101,40333,STOCK-IMAGE
101,40334,STOCK-IMAGE
101,21457,STOCK-IMAGE
101,12800,STOCK-IMAGE
101,95429,STOCK-IMAGE
101,12326,STOCK-IMAGE
101,66199,STOCK-IMAGE
101,33282,STOCK-IMAGE
101,226053,STOCK-IMAGE
101,11981,STOCK-IMAGE
101,15215,STOCK-IMAGE
101,23890,STOCK-IMAGE
101,23891,STOCK-IMAGE
101,12101,STOCK-IMAGE
101,309733,STOCK-IMAGE
101,309734,STOCK-IMAGE
101,309735,STOCK-IMAGE
101,309736,STOCK-IMAGE
101,309737,STOCK-IMAGE
101,310056,STOCK-IMAGE
101,18579,STOCK-IMAGE
101,18580,STOCK-IMAGE
101,18758,STOCK-IMAGE
101,34060,STOCK-IMAGE
101,205553,STOCK-IMAGE
101,151195,STOCK-IMAGE
101,137614,STOCK-IMAGE
101,137615,STOCK-IMAGE
101,137588,STOCK-IMAGE
101,137586,STOCK-IMAGE
101,163598,STOCK-IMAGE
101,163596,STOCK-IMAGE
101,163597,STOCK-IMAGE
101,163595,STOCK-IMAGE
101,192725,STOCK-IMAGE
101,192720,STOCK-IMAGE
101,193305,STOCK-IMAGE
101,195330,STOCK-IMAGE
101,195331,STOCK-IMAGE
101,195328,STOCK-IMAGE
101,195329,STOCK-IMAGE
101,201824,STOCK-IMAGE
101,201825,STOCK-IMAGE
101,201826,STOCK-IMAGE
101,201827,STOCK-IMAGE
101,222344,STOCK-IMAGE
101,222343,STOCK-IMAGE
101,239827,STOCK-IMAGE
101,239959,STOCK-IMAGE
101,265381,STOCK-IMAGE
101,265380,STOCK-IMAGE
101,286387,STOCK-IMAGE
101,286388,STOCK-IMAGE
101,308606,STOCK-IMAGE
101,235100,STOCK-IMAGE
101,235101,STOCK-IMAGE
101,235102,STOCK-IMAGE
101,235103,STOCK-IMAGE
101,235345,STOCK-IMAGE
101,235346,STOCK-IMAGE
101,235665,STOCK-IMAGE
101,38255,STOCK-IMAGE
101,42452,STOCK-IMAGE
101,238822,STOCK-IMAGE
101,60538,STOCK-IMAGE
101,39058,STOCK-IMAGE
101,39059,STOCK-IMAGE
101,39077,STOCK-IMAGE
101,39078,STOCK-IMAGE
101,50146,STOCK-IMAGE
101,148035,STOCK-IMAGE
101,148036,STOCK-IMAGE
101,148037,STOCK-IMAGE
101,148038,STOCK-IMAGE
101,148184,STOCK-IMAGE
101,148185,STOCK-IMAGE
101,50837,STOCK-IMAGE
101,196374,STOCK-IMAGE
101,196375,STOCK-IMAGE
101,209861,STOCK-IMAGE
101,209862,STOCK-IMAGE
101,244825,STOCK-IMAGE
101,244826,STOCK-IMAGE
101,76657,STOCK-IMAGE
101,76658,STOCK-IMAGE
101,312563,STOCK-IMAGE
101,312564,STOCK-IMAGE
101,301549,STOCK-IMAGE
101,66600,STOCK-IMAGE
101,41816,STOCK-IMAGE
101,41817,STOCK-IMAGE
101,141183,STOCK-IMAGE
101,191665,STOCK-IMAGE
101,303677,STOCK-IMAGE
101,303678,STOCK-IMAGE
101,191703,STOCK-IMAGE
101,169587,STOCK-IMAGE
101,157307,STOCK-IMAGE
101,167317,STOCK-IMAGE
101,167318,STOCK-IMAGE
101,249317,STOCK-IMAGE
101,44333,STOCK-IMAGE
101,44334,STOCK-IMAGE
101,58021,STOCK-IMAGE
101,58022,STOCK-IMAGE
101,58072,STOCK-IMAGE
101,59084,STOCK-IMAGE
101,59085,STOCK-IMAGE
101,58168,STOCK-IMAGE
101,58204,STOCK-IMAGE
101,58221,STOCK-IMAGE
101,58231,STOCK-IMAGE
101,58255,STOCK-IMAGE
101,58256,STOCK-IMAGE
101,58299,STOCK-IMAGE
101,58678,STOCK-IMAGE
101,58745,STOCK-IMAGE
101,58875,STOCK-IMAGE
101,23694,STOCK-IMAGE
101,23851,STOCK-IMAGE
101,15374,STOCK-IMAGE
101,248189,STOCK-IMAGE
101,21867,STOCK-IMAGE
101,90129,STOCK-IMAGE
101,92618,STOCK-IMAGE
101,92650,STOCK-IMAGE
101,92773,STOCK-IMAGE
101,249204,STOCK-IMAGE
101,244581,STOCK-IMAGE
101,132933,STOCK-IMAGE
101,212164,STOCK-IMAGE
101,212165,STOCK-IMAGE
101,240297,STOCK-IMAGE
101,240298,STOCK-IMAGE
101,263248,STOCK-IMAGE
101,263249,STOCK-IMAGE
101,263264,STOCK-IMAGE
101,158279,STOCK-IMAGE
101,248281,STOCK-IMAGE
101,251962,STOCK-IMAGE
101,251963,STOCK-IMAGE
101,251909,STOCK-IMAGE
101,254972,STOCK-IMAGE
101,255868,STOCK-IMAGE
101,260958,STOCK-IMAGE
101,260960,STOCK-IMAGE
101,315399,STOCK-IMAGE
101,315400,STOCK-IMAGE
101,143311,STOCK-IMAGE
101,143774,STOCK-IMAGE
101,143775,STOCK-IMAGE
101,87978,STOCK-IMAGE
101,143776,STOCK-IMAGE
101,219183,STOCK-IMAGE
101,219184,STOCK-IMAGE
101,5519,STOCK-IMAGE
101,5520,STOCK-IMAGE
101,219681,STOCK-IMAGE
101,6150,STOCK-IMAGE
101,145094,STOCK-IMAGE
101,145095,STOCK-IMAGE
101,29174,STOCK-IMAGE
101,20177,STOCK-IMAGE
101,20178,STOCK-IMAGE
101,29603,STOCK-IMAGE
102,223665,STOCK-IMAGE
102,241337,STOCK-IMAGE
102,241338,STOCK-IMAGE
102,277361,STOCK-IMAGE
102,34256,STOCK-IMAGE
102,12923,STOCK-IMAGE
102,12034,STOCK-IMAGE
102,12035,STOCK-IMAGE
102,13186,STOCK-IMAGE
102,36094,STOCK-IMAGE
102,36095,STOCK-IMAGE
102,66138,STOCK-IMAGE
102,66202,STOCK-IMAGE
102,66161,STOCK-IMAGE
102,66203,STOCK-IMAGE
102,15091,STOCK-IMAGE
102,15087,STOCK-IMAGE
102,32513,STOCK-IMAGE
102,15537,STOCK-IMAGE
102,12819,STOCK-IMAGE
102,15538,STOCK-IMAGE
102,23603,STOCK-IMAGE
102,15554,STOCK-IMAGE
102,15555,STOCK-IMAGE
102,15564,STOCK-IMAGE
102,15565,STOCK-IMAGE
102,33951,STOCK-IMAGE
102,21209,STOCK-IMAGE
102,21210,STOCK-IMAGE
102,10217,STOCK-IMAGE
102,10218,STOCK-IMAGE
102,159476,STOCK-IMAGE
102,153148,STOCK-IMAGE
102,93462,STOCK-IMAGE
102,93463,STOCK-IMAGE
102,93464,STOCK-IMAGE
102,153083,STOCK-IMAGE
102,149173,STOCK-IMAGE
102,153077,STOCK-IMAGE
102,153078,STOCK-IMAGE
102,208679,STOCK-IMAGE
102,239984,STOCK-IMAGE
102,247148,STOCK-IMAGE
102,148900,STOCK-IMAGE
102,148901,STOCK-IMAGE
102,148902,STOCK-IMAGE
102,148903,STOCK-IMAGE
102,148904,STOCK-IMAGE
102,148905,STOCK-IMAGE
102,148906,STOCK-IMAGE
102,238521,STOCK-IMAGE
102,155680,STOCK-IMAGE
102,155681,STOCK-IMAGE
102,183300,STOCK-IMAGE
102,183301,STOCK-IMAGE
102,183302,STOCK-IMAGE
102,183419,STOCK-IMAGE
102,183420,STOCK-IMAGE
102,183421,STOCK-IMAGE
102,183422,STOCK-IMAGE
102,183423,STOCK-IMAGE
102,183424,STOCK-IMAGE
102,196552,STOCK-IMAGE
102,196553,STOCK-IMAGE
102,302448,STOCK-IMAGE
102,302449,STOCK-IMAGE
102,302450,STOCK-IMAGE
102,302451,STOCK-IMAGE
102,333248,STOCK-IMAGE
102,333249,STOCK-IMAGE
102,279686,STOCK-IMAGE
102,168103,STOCK-IMAGE
102,168102,STOCK-IMAGE
102,168101,STOCK-IMAGE
102,62253,STOCK-IMAGE
102,193564,STOCK-IMAGE
102,193565,STOCK-IMAGE
102,193493,STOCK-IMAGE
102,193494,STOCK-IMAGE
102,311979,STOCK-IMAGE
102,64991,STOCK-IMAGE
102,193568,STOCK-IMAGE
102,189739,STOCK-IMAGE
102,189740,STOCK-IMAGE
102,197532,STOCK-IMAGE
102,197533,STOCK-IMAGE
102,270470,STOCK-IMAGE
102,270471,STOCK-IMAGE
102,84938,STOCK-IMAGE
102,167616,STOCK-IMAGE
102,248205,STOCK-IMAGE
102,137265,STOCK-IMAGE
102,90144,STOCK-IMAGE
102,96008,STOCK-IMAGE
102,283122,STOCK-IMAGE
102,283123,STOCK-IMAGE
102,211959,STOCK-IMAGE
102,174776,STOCK-IMAGE
102,174777,STOCK-IMAGE
102,174780,STOCK-IMAGE
102,174781,STOCK-IMAGE
102,194045,STOCK-IMAGE
102,194046,STOCK-IMAGE
102,231946,STOCK-IMAGE
102,276060,STOCK-IMAGE
102,311325,STOCK-IMAGE
102,315416,STOCK-IMAGE
102,315417,STOCK-IMAGE
102,316299,STOCK-IMAGE
102,316304,STOCK-IMAGE
102,316413,STOCK-IMAGE
102,144996,STOCK-IMAGE
102,25,STOCK-IMAGE
102,1113,STOCK-IMAGE
102,14137,STOCK-IMAGE
102,14138,STOCK-IMAGE
102,14139,STOCK-IMAGE
102,14140,STOCK-IMAGE
102,29120,STOCK-IMAGE
102,29121,STOCK-IMAGE
102,82869,STOCK-IMAGE
102,82870,STOCK-IMAGE
102,751,STOCK-IMAGE
102,752,STOCK-IMAGE
102,200111,STOCK-IMAGE
102,200112,STOCK-IMAGE
103,74988,STOCK-IMAGE
103,74989,STOCK-IMAGE
103,74990,STOCK-IMAGE
103,74991,STOCK-IMAGE
103,74992,STOCK-IMAGE
103,75183,STOCK-IMAGE
103,75184,STOCK-IMAGE
103,75185,STOCK-IMAGE
103,75186,STOCK-IMAGE
103,75187,STOCK-IMAGE
103,75188,STOCK-IMAGE
103,75189,STOCK-IMAGE
103,75190,STOCK-IMAGE
103,75191,STOCK-IMAGE
103,75192,STOCK-IMAGE
103,75198,STOCK-IMAGE
103,75200,STOCK-IMAGE
103,75487,STOCK-IMAGE
103,75489,STOCK-IMAGE
103,75490,STOCK-IMAGE
103,75497,STOCK-IMAGE
103,152182,STOCK-IMAGE
103,152183,STOCK-IMAGE
103,207444,STOCK-IMAGE
103,207704,STOCK-IMAGE
103,10361,STOCK-IMAGE
103,10362,STOCK-IMAGE
103,35904,STOCK-IMAGE
103,55618,STOCK-IMAGE
103,55619,STOCK-IMAGE
103,264791,STOCK-IMAGE
103,255447,STOCK-IMAGE
103,261160,STOCK-IMAGE
103,261161,STOCK-IMAGE
103,305209,STOCK-IMAGE
103,305210,STOCK-IMAGE
103,281459,STOCK-IMAGE
103,24042,STOCK-IMAGE
103,15547,STOCK-IMAGE
103,51478,STOCK-IMAGE
103,24043,STOCK-IMAGE
103,15548,STOCK-IMAGE
103,51479,STOCK-IMAGE
103,123109,STOCK-IMAGE
103,74447,STOCK-IMAGE
103,336014,STOCK-IMAGE
103,15443,STOCK-IMAGE
103,23914,STOCK-IMAGE
103,34117,STOCK-IMAGE
103,34118,STOCK-IMAGE
103,204744,STOCK-IMAGE
103,122736,STOCK-IMAGE
103,122739,STOCK-IMAGE
103,33716,STOCK-IMAGE
103,41200,STOCK-IMAGE
103,298522,STOCK-IMAGE
103,206314,STOCK-IMAGE
103,206315,STOCK-IMAGE
103,309450,STOCK-IMAGE
103,309453,STOCK-IMAGE
103,28351,STOCK-IMAGE
103,207000,STOCK-IMAGE
103,21388,STOCK-IMAGE
103,21406,STOCK-IMAGE
103,21407,STOCK-IMAGE
103,28600,STOCK-IMAGE
103,21492,STOCK-IMAGE
103,117641,STOCK-IMAGE
103,117640,STOCK-IMAGE
103,157542,STOCK-IMAGE
103,73550,STOCK-IMAGE
103,73551,STOCK-IMAGE
103,78346,STOCK-IMAGE
103,78345,STOCK-IMAGE
103,192926,STOCK-IMAGE
103,192927,STOCK-IMAGE
103,336010,STOCK-IMAGE
103,298520,STOCK-IMAGE
103,298519,STOCK-IMAGE
103,171654,STOCK-IMAGE
103,175051,STOCK-IMAGE
103,171653,STOCK-IMAGE
103,281937,STOCK-IMAGE
103,281936,STOCK-IMAGE
103,281945,STOCK-IMAGE
103,281935,STOCK-IMAGE
103,204055,STOCK-IMAGE
103,286431,STOCK-IMAGE
103,286521,STOCK-IMAGE
103,286523,STOCK-IMAGE
103,235759,STOCK-IMAGE
103,238597,STOCK-IMAGE
103,238598,STOCK-IMAGE
103,238599,STOCK-IMAGE
103,238600,STOCK-IMAGE
103,163144,STOCK-IMAGE
103,163145,STOCK-IMAGE
103,61671,STOCK-IMAGE
103,61672,STOCK-IMAGE
103,61707,STOCK-IMAGE
103,61708,STOCK-IMAGE
103,61870,STOCK-IMAGE
103,61871,STOCK-IMAGE
103,60795,STOCK-IMAGE
103,60796,STOCK-IMAGE
103,68207,STOCK-IMAGE
103,68208,STOCK-IMAGE
103,68209,STOCK-IMAGE
103,68210,STOCK-IMAGE
103,76360,STOCK-IMAGE
103,76361,STOCK-IMAGE
103,76362,STOCK-IMAGE
103,76363,STOCK-IMAGE
103,76364,STOCK-IMAGE
103,76365,STOCK-IMAGE
103,230928,STOCK-IMAGE
103,246389,STOCK-IMAGE
103,230929,STOCK-IMAGE
103,246390,STOCK-IMAGE
103,259692,STOCK-IMAGE
103,259693,STOCK-IMAGE
103,84090,STOCK-IMAGE
103,84091,STOCK-IMAGE
103,156096,STOCK-IMAGE
103,156097,STOCK-IMAGE
103,302054,STOCK-IMAGE
103,302055,STOCK-IMAGE
103,312715,STOCK-IMAGE
103,312716,STOCK-IMAGE
103,329270,STOCK-IMAGE
103,329271,STOCK-IMAGE
103,104896,STOCK-IMAGE
103,104897,STOCK-IMAGE
103,253925,STOCK-IMAGE
103,253926,STOCK-IMAGE
103,157165,STOCK-IMAGE
103,157174,STOCK-IMAGE
103,157175,STOCK-IMAGE
103,157178,STOCK-IMAGE
103,157238,STOCK-IMAGE
103,280456,STOCK-IMAGE
103,280457,STOCK-IMAGE
103,280478,STOCK-IMAGE
103,43118,STOCK-IMAGE
103,43119,STOCK-IMAGE
103,43120,STOCK-IMAGE
103,117971,STOCK-IMAGE
103,43923,STOCK-IMAGE
103,118172,STOCK-IMAGE
103,118173,STOCK-IMAGE
103,118174,STOCK-IMAGE
103,52911,STOCK-IMAGE
103,52912,STOCK-IMAGE
103,52913,STOCK-IMAGE
103,52914,STOCK-IMAGE
103,53072,STOCK-IMAGE
103,105963,STOCK-IMAGE
103,105973,STOCK-IMAGE
103,105974,STOCK-IMAGE
103,105972,STOCK-IMAGE
103,70157,STOCK-IMAGE
103,70158,STOCK-IMAGE
103,70159,STOCK-IMAGE
103,85199,STOCK-IMAGE
103,105970,STOCK-IMAGE
103,105971,STOCK-IMAGE
103,143081,STOCK-IMAGE
103,154665,STOCK-IMAGE
103,154666,STOCK-IMAGE
103,189758,STOCK-IMAGE
103,189759,STOCK-IMAGE
103,298989,STOCK-IMAGE
103,299176,STOCK-IMAGE
103,299177,STOCK-IMAGE
103,350576,STOCK-IMAGE
103,350577,STOCK-IMAGE
103,213380,STOCK-IMAGE
103,213381,STOCK-IMAGE
103,213382,STOCK-IMAGE
103,220751,STOCK-IMAGE
103,220752,STOCK-IMAGE
103,315881,STOCK-IMAGE
103,315882,STOCK-IMAGE
103,315962,STOCK-IMAGE
103,315963,STOCK-IMAGE
103,316380,STOCK-IMAGE
103,316381,STOCK-IMAGE
103,316422,STOCK-IMAGE
103,316423,STOCK-IMAGE
103,316442,STOCK-IMAGE
103,316443,STOCK-IMAGE
103,315042,STOCK-IMAGE
103,316998,STOCK-IMAGE
103,143642,STOCK-IMAGE
103,144818,STOCK-IMAGE
103,144819,STOCK-IMAGE
103,1706,STOCK-IMAGE
103,249,STOCK-IMAGE
103,250,STOCK-IMAGE
103,9569,STOCK-IMAGE
103,9570,STOCK-IMAGE
103,146084,STOCK-IMAGE
103,146085,STOCK-IMAGE
103,219536,STOCK-IMAGE
103,219537,STOCK-IMAGE
103,20198,STOCK-IMAGE
103,20199,STOCK-IMAGE
103,20204,STOCK-IMAGE
103,20216,STOCK-IMAGE
103,20217,STOCK-IMAGE
103,20218,STOCK-IMAGE
103,20220,STOCK-IMAGE
103,20221,STOCK-IMAGE
103,20222,STOCK-IMAGE
103,20223,STOCK-IMAGE
103,20229,STOCK-IMAGE
103,20231,STOCK-IMAGE
103,14529,STOCK-IMAGE
103,219647,STOCK-IMAGE
103,6922,STOCK-IMAGE
103,299375,STOCK-IMAGE
103,74987,STOCK-IMAGE
104,144454,STOCK-IMAGE
104,5416,STOCK-IMAGE
104,5541,STOCK-IMAGE
104,5542,STOCK-IMAGE
104,6874,STOCK-IMAGE
104,6875,STOCK-IMAGE
104,6892,STOCK-IMAGE
104,6893,STOCK-IMAGE
104,5435,STOCK-IMAGE
104,5436,STOCK-IMAGE
104,5444,STOCK-IMAGE
104,5445,STOCK-IMAGE
104,5446,STOCK-IMAGE
104,5479,STOCK-IMAGE
104,5480,STOCK-IMAGE
104,5499,STOCK-IMAGE
104,5500,STOCK-IMAGE
104,5503,STOCK-IMAGE
104,5504,STOCK-IMAGE
104,5525,STOCK-IMAGE
104,5526,STOCK-IMAGE
104,5527,STOCK-IMAGE
104,5528,STOCK-IMAGE
104,5990,STOCK-IMAGE
104,5991,STOCK-IMAGE
104,5997,STOCK-IMAGE
104,95,STOCK-IMAGE
104,96,STOCK-IMAGE
104,2648,STOCK-IMAGE
104,2649,STOCK-IMAGE
104,3465,STOCK-IMAGE
104,3466,STOCK-IMAGE
104,3469,STOCK-IMAGE
104,3470,STOCK-IMAGE
104,3473,STOCK-IMAGE
104,3474,STOCK-IMAGE
104,3475,STOCK-IMAGE
104,3476,STOCK-IMAGE
104,3478,STOCK-IMAGE
104,3482,STOCK-IMAGE
104,3492,STOCK-IMAGE
104,3498,STOCK-IMAGE
104,3505,STOCK-IMAGE
104,3828,STOCK-IMAGE
104,21731,STOCK-IMAGE
104,86083,STOCK-IMAGE
104,86084,STOCK-IMAGE
104,106303,STOCK-IMAGE
104,21693,STOCK-IMAGE
104,21706,STOCK-IMAGE
104,21694,STOCK-IMAGE
104,22109,STOCK-IMAGE
104,22110,STOCK-IMAGE
104,22133,STOCK-IMAGE
104,22137,STOCK-IMAGE
104,22138,STOCK-IMAGE
104,22186,STOCK-IMAGE
104,22188,STOCK-IMAGE
104,22190,STOCK-IMAGE
104,22191,STOCK-IMAGE
104,22192,STOCK-IMAGE
104,22287,STOCK-IMAGE
104,22288,STOCK-IMAGE
104,22291,STOCK-IMAGE
104,22292,STOCK-IMAGE
104,22294,STOCK-IMAGE
104,22313,STOCK-IMAGE
104,22314,STOCK-IMAGE
104,22327,STOCK-IMAGE
104,22328,STOCK-IMAGE
104,22330,STOCK-IMAGE
104,22331,STOCK-IMAGE
104,22332,STOCK-IMAGE
104,21709,STOCK-IMAGE
104,137825,STOCK-IMAGE
104,137826,STOCK-IMAGE
104,137827,STOCK-IMAGE
104,137831,STOCK-IMAGE
104,32612,STOCK-IMAGE
104,22444,STOCK-IMAGE
104,22445,STOCK-IMAGE
104,86119,STOCK-IMAGE
104,21751,STOCK-IMAGE
104,21752,STOCK-IMAGE
104,39856,STOCK-IMAGE
104,39857,STOCK-IMAGE
104,34261,STOCK-IMAGE
104,34262,STOCK-IMAGE
104,10067,STOCK-IMAGE
104,10068,STOCK-IMAGE
104,10103,STOCK-IMAGE
104,10104,STOCK-IMAGE
104,10385,STOCK-IMAGE
104,10386,STOCK-IMAGE
104,10423,STOCK-IMAGE
104,21639,STOCK-IMAGE
104,21640,STOCK-IMAGE
104,157485,STOCK-IMAGE
104,10311,STOCK-IMAGE
104,10312,STOCK-IMAGE
104,12804,STOCK-IMAGE
104,11720,STOCK-IMAGE
104,12026,STOCK-IMAGE
104,12027,STOCK-IMAGE
104,12105,STOCK-IMAGE
104,95361,STOCK-IMAGE
104,95362,STOCK-IMAGE
104,95604,STOCK-IMAGE
104,95700,STOCK-IMAGE
104,12344,STOCK-IMAGE
104,12558,STOCK-IMAGE
104,170949,STOCK-IMAGE
104,36721,STOCK-IMAGE
104,36722,STOCK-IMAGE
104,12377,STOCK-IMAGE
104,12378,STOCK-IMAGE
104,11896,STOCK-IMAGE
104,36864,STOCK-IMAGE
104,36865,STOCK-IMAGE
104,11934,STOCK-IMAGE
104,33077,STOCK-IMAGE
104,51015,STOCK-IMAGE
104,51014,STOCK-IMAGE
104,51062,STOCK-IMAGE
104,51061,STOCK-IMAGE
104,24339,STOCK-IMAGE
104,24340,STOCK-IMAGE
104,18884,STOCK-IMAGE
104,18656,STOCK-IMAGE
104,18754,STOCK-IMAGE
104,17977,STOCK-IMAGE
104,17978,STOCK-IMAGE
104,18509,STOCK-IMAGE
104,73967,STOCK-IMAGE
104,73968,STOCK-IMAGE
104,31759,STOCK-IMAGE
104,31760,STOCK-IMAGE
104,122890,STOCK-IMAGE
104,19042,STOCK-IMAGE
104,74106,STOCK-IMAGE
104,74107,STOCK-IMAGE
104,27981,STOCK-IMAGE
104,27982,STOCK-IMAGE
104,55745,STOCK-IMAGE
104,55746,STOCK-IMAGE
104,55769,STOCK-IMAGE
104,208391,STOCK-IMAGE
104,208392,STOCK-IMAGE
104,80697,STOCK-IMAGE
104,149804,STOCK-IMAGE
104,175107,STOCK-IMAGE
104,20736,STOCK-IMAGE
104,20737,STOCK-IMAGE
104,20738,STOCK-IMAGE
104,20739,STOCK-IMAGE
104,19355,STOCK-IMAGE
104,73281,STOCK-IMAGE
104,73280,STOCK-IMAGE
104,19360,STOCK-IMAGE
104,19361,STOCK-IMAGE
104,19362,STOCK-IMAGE
104,19384,STOCK-IMAGE
104,19385,STOCK-IMAGE
104,19467,STOCK-IMAGE
104,19468,STOCK-IMAGE
104,212307,STOCK-IMAGE
104,212308,STOCK-IMAGE
104,212309,STOCK-IMAGE
104,212310,STOCK-IMAGE
104,42375,STOCK-IMAGE
104,42376,STOCK-IMAGE
104,49826,STOCK-IMAGE
104,49827,STOCK-IMAGE
104,49828,STOCK-IMAGE
104,60539,STOCK-IMAGE
104,246315,STOCK-IMAGE
104,246316,STOCK-IMAGE
104,196080,STOCK-IMAGE
104,196081,STOCK-IMAGE
104,228399,STOCK-IMAGE
104,228400,STOCK-IMAGE
104,228401,STOCK-IMAGE
104,44820,STOCK-IMAGE
104,44823,STOCK-IMAGE
104,45043,STOCK-IMAGE
104,45044,STOCK-IMAGE
104,42563,STOCK-IMAGE
104,42567,STOCK-IMAGE
104,42568,STOCK-IMAGE
104,42858,STOCK-IMAGE
104,42864,STOCK-IMAGE
104,43285,STOCK-IMAGE
104,42845,STOCK-IMAGE
104,42842,STOCK-IMAGE
104,218514,STOCK-IMAGE
104,78155,STOCK-IMAGE
104,64993,STOCK-IMAGE
104,56081,STOCK-IMAGE
104,56082,STOCK-IMAGE
104,56083,STOCK-IMAGE
104,56084,STOCK-IMAGE
104,56085,STOCK-IMAGE
104,56086,STOCK-IMAGE
104,66327,STOCK-IMAGE
104,66331,STOCK-IMAGE
104,66328,STOCK-IMAGE
104,66332,STOCK-IMAGE
104,66334,STOCK-IMAGE
104,58041,STOCK-IMAGE
104,58042,STOCK-IMAGE
104,58941,STOCK-IMAGE
104,58942,STOCK-IMAGE
104,192397,STOCK-IMAGE
104,103394,STOCK-IMAGE
104,158624,STOCK-IMAGE
104,85518,STOCK-IMAGE
104,85519,STOCK-IMAGE
104,85520,STOCK-IMAGE
104,85647,STOCK-IMAGE
104,85648,STOCK-IMAGE
104,85649,STOCK-IMAGE
104,1763,STOCK-IMAGE
104,1794,STOCK-IMAGE
104,4143,STOCK-IMAGE
104,4212,STOCK-IMAGE
104,4224,STOCK-IMAGE
104,4278,STOCK-IMAGE
104,4287,STOCK-IMAGE
104,4616,STOCK-IMAGE
104,4617,STOCK-IMAGE
104,4679,STOCK-IMAGE
104,4755,STOCK-IMAGE
104,4815,STOCK-IMAGE
104,4816,STOCK-IMAGE
104,4853,STOCK-IMAGE
104,4854,STOCK-IMAGE
104,4855,STOCK-IMAGE
104,4856,STOCK-IMAGE
104,4857,STOCK-IMAGE
104,4860,STOCK-IMAGE
104,4866,STOCK-IMAGE
104,4875,STOCK-IMAGE
104,4876,STOCK-IMAGE
104,4880,STOCK-IMAGE
104,4885,STOCK-IMAGE
104,4899,STOCK-IMAGE
104,4906,STOCK-IMAGE
104,4918,STOCK-IMAGE
104,144453,STOCK-IMAGE
104,21694,STOCK-IMAGE
105,220167,STOCK-IMAGE
105,220168,STOCK-IMAGE
105,33277,STOCK-IMAGE
105,51429,STOCK-IMAGE
105,15229,STOCK-IMAGE
105,34103,STOCK-IMAGE
105,34104,STOCK-IMAGE
105,175003,STOCK-IMAGE
105,175004,STOCK-IMAGE
105,195165,STOCK-IMAGE
105,195164,STOCK-IMAGE
105,43117,STOCK-IMAGE
105,43118,STOCK-IMAGE
105,43119,STOCK-IMAGE
105,43120,STOCK-IMAGE
105,117971,STOCK-IMAGE
105,43923,STOCK-IMAGE
105,118172,STOCK-IMAGE
105,118173,STOCK-IMAGE
105,118174,STOCK-IMAGE
105,92981,STOCK-IMAGE
105,93071,STOCK-IMAGE
105,93072,STOCK-IMAGE
105,93073,STOCK-IMAGE
105,240447,STOCK-IMAGE
105,316998,STOCK-IMAGE
106,29762,STOCK-IMAGE
106,29763,STOCK-IMAGE
106,20400,STOCK-IMAGE
106,20401,STOCK-IMAGE
106,7831,STOCK-IMAGE
106,7832,STOCK-IMAGE
106,21826,STOCK-IMAGE
106,21824,STOCK-IMAGE
106,21825,STOCK-IMAGE
106,21829,STOCK-IMAGE
106,21827,STOCK-IMAGE
106,21828,STOCK-IMAGE
106,21284,STOCK-IMAGE
106,21285,STOCK-IMAGE
106,34232,STOCK-IMAGE
106,34257,STOCK-IMAGE
106,34258,STOCK-IMAGE
106,34171,STOCK-IMAGE
106,34172,STOCK-IMAGE
106,55442,STOCK-IMAGE
106,55443,STOCK-IMAGE
106,55476,STOCK-IMAGE
106,298753,STOCK-IMAGE
106,36582,STOCK-IMAGE
106,85275,STOCK-IMAGE
106,36090,STOCK-IMAGE
106,36091,STOCK-IMAGE
106,95361,STOCK-IMAGE
106,95362,STOCK-IMAGE
106,95386,STOCK-IMAGE
106,95444,STOCK-IMAGE
106,36217,STOCK-IMAGE
106,95469,STOCK-IMAGE
106,36235,STOCK-IMAGE
106,36236,STOCK-IMAGE
106,95489,STOCK-IMAGE
106,95490,STOCK-IMAGE
106,95508,STOCK-IMAGE
106,95509,STOCK-IMAGE
106,95517,STOCK-IMAGE
106,36329,STOCK-IMAGE
106,36330,STOCK-IMAGE
106,95558,STOCK-IMAGE
106,36374,STOCK-IMAGE
106,95565,STOCK-IMAGE
106,95566,STOCK-IMAGE
106,36416,STOCK-IMAGE
106,36417,STOCK-IMAGE
106,95700,STOCK-IMAGE
106,164468,STOCK-IMAGE
106,164469,STOCK-IMAGE
106,164470,STOCK-IMAGE
106,164471,STOCK-IMAGE
106,164472,STOCK-IMAGE
106,190136,STOCK-IMAGE
106,164490,STOCK-IMAGE
106,164491,STOCK-IMAGE
106,12618,STOCK-IMAGE
106,12619,STOCK-IMAGE
106,12624,STOCK-IMAGE
106,12625,STOCK-IMAGE
106,12660,STOCK-IMAGE
106,12661,STOCK-IMAGE
106,12662,STOCK-IMAGE
106,12950,STOCK-IMAGE
106,12951,STOCK-IMAGE
106,59925,STOCK-IMAGE
106,73112,STOCK-IMAGE
106,12136,STOCK-IMAGE
106,12141,STOCK-IMAGE
106,12142,STOCK-IMAGE
106,36721,STOCK-IMAGE
106,36722,STOCK-IMAGE
106,11859,STOCK-IMAGE
106,11860,STOCK-IMAGE
106,12864,STOCK-IMAGE
106,12865,STOCK-IMAGE
106,12388,STOCK-IMAGE
106,12389,STOCK-IMAGE
106,198786,STOCK-IMAGE
106,12207,STOCK-IMAGE
106,12208,STOCK-IMAGE
106,37030,STOCK-IMAGE
106,10891,STOCK-IMAGE
106,13431,STOCK-IMAGE
106,13432,STOCK-IMAGE
106,193416,STOCK-IMAGE
106,226400,STOCK-IMAGE
106,232349,STOCK-IMAGE
106,232350,STOCK-IMAGE
106,30456,STOCK-IMAGE
106,30457,STOCK-IMAGE
106,255540,STOCK-IMAGE
106,255541,STOCK-IMAGE
106,87332,STOCK-IMAGE
106,87333,STOCK-IMAGE
106,87334,STOCK-IMAGE
106,13463,STOCK-IMAGE
106,13464,STOCK-IMAGE
106,11034,STOCK-IMAGE
106,11035,STOCK-IMAGE
106,248752,STOCK-IMAGE
106,32793,STOCK-IMAGE
106,33209,STOCK-IMAGE
106,33211,STOCK-IMAGE
106,33301,STOCK-IMAGE
106,33304,STOCK-IMAGE
106,33321,STOCK-IMAGE
106,33322,STOCK-IMAGE
106,33323,STOCK-IMAGE
106,33316,STOCK-IMAGE
106,23730,STOCK-IMAGE
106,23731,STOCK-IMAGE
106,15519,STOCK-IMAGE
106,15520,STOCK-IMAGE
106,122164,STOCK-IMAGE
106,47642,STOCK-IMAGE
106,73567,STOCK-IMAGE
106,73571,STOCK-IMAGE
106,32303,STOCK-IMAGE
106,55766,STOCK-IMAGE
106,55767,STOCK-IMAGE
106,55774,STOCK-IMAGE
106,78296,STOCK-IMAGE
106,78289,STOCK-IMAGE
106,78290,STOCK-IMAGE
106,78300,STOCK-IMAGE
106,78301,STOCK-IMAGE
106,78291,STOCK-IMAGE
106,78363,STOCK-IMAGE
106,78364,STOCK-IMAGE
106,192926,STOCK-IMAGE
106,192927,STOCK-IMAGE
106,192936,STOCK-IMAGE
106,192937,STOCK-IMAGE
106,118893,STOCK-IMAGE
106,118894,STOCK-IMAGE
106,246459,STOCK-IMAGE
106,149171,STOCK-IMAGE
106,149166,STOCK-IMAGE
106,171657,STOCK-IMAGE
106,171656,STOCK-IMAGE
106,171655,STOCK-IMAGE
106,137598,STOCK-IMAGE
106,137597,STOCK-IMAGE
106,151533,STOCK-IMAGE
106,151536,STOCK-IMAGE
106,149783,STOCK-IMAGE
106,151539,STOCK-IMAGE
106,151540,STOCK-IMAGE
106,151541,STOCK-IMAGE
106,149784,STOCK-IMAGE
106,151558,STOCK-IMAGE
106,149102,STOCK-IMAGE
106,149101,STOCK-IMAGE
106,149103,STOCK-IMAGE
106,149793,STOCK-IMAGE
106,149792,STOCK-IMAGE
106,151585,STOCK-IMAGE
106,157718,STOCK-IMAGE
106,157723,STOCK-IMAGE
106,174974,STOCK-IMAGE
106,174975,STOCK-IMAGE
106,157655,STOCK-IMAGE
106,157656,STOCK-IMAGE
106,158822,STOCK-IMAGE
106,158831,STOCK-IMAGE
106,158823,STOCK-IMAGE
106,158824,STOCK-IMAGE
106,157719,STOCK-IMAGE
106,163677,STOCK-IMAGE
106,175043,STOCK-IMAGE
106,175044,STOCK-IMAGE
106,175051,STOCK-IMAGE
106,175107,STOCK-IMAGE
106,163690,STOCK-IMAGE
106,163689,STOCK-IMAGE
106,163688,STOCK-IMAGE
106,192844,STOCK-IMAGE
106,170769,STOCK-IMAGE
106,170658,STOCK-IMAGE
106,170660,STOCK-IMAGE
106,170659,STOCK-IMAGE
106,170669,STOCK-IMAGE
106,172219,STOCK-IMAGE
106,172218,STOCK-IMAGE
106,172216,STOCK-IMAGE
106,174472,STOCK-IMAGE
106,192794,STOCK-IMAGE
106,174517,STOCK-IMAGE
106,175434,STOCK-IMAGE
106,193119,STOCK-IMAGE
106,193120,STOCK-IMAGE
106,192616,STOCK-IMAGE
106,192615,STOCK-IMAGE
106,192519,STOCK-IMAGE
106,192518,STOCK-IMAGE
106,184385,STOCK-IMAGE
106,184384,STOCK-IMAGE
106,195198,STOCK-IMAGE
106,195184,STOCK-IMAGE
106,195181,STOCK-IMAGE
106,195180,STOCK-IMAGE
106,195190,STOCK-IMAGE
106,195173,STOCK-IMAGE
106,195172,STOCK-IMAGE
106,231266,STOCK-IMAGE
106,231267,STOCK-IMAGE
106,193244,STOCK-IMAGE
106,195149,STOCK-IMAGE
106,195150,STOCK-IMAGE
106,195147,STOCK-IMAGE
106,195148,STOCK-IMAGE
106,195145,STOCK-IMAGE
106,195146,STOCK-IMAGE
106,195139,STOCK-IMAGE
106,195138,STOCK-IMAGE
106,195362,STOCK-IMAGE
106,193339,STOCK-IMAGE
106,193340,STOCK-IMAGE
106,195298,STOCK-IMAGE
106,195297,STOCK-IMAGE
106,195122,STOCK-IMAGE
106,195104,STOCK-IMAGE
106,195103,STOCK-IMAGE
106,201732,STOCK-IMAGE
106,219899,STOCK-IMAGE
106,201762,STOCK-IMAGE
106,201763,STOCK-IMAGE
106,211419,STOCK-IMAGE
106,212918,STOCK-IMAGE
106,310832,STOCK-IMAGE
106,219883,STOCK-IMAGE
106,213021,STOCK-IMAGE
106,213022,STOCK-IMAGE
106,222298,STOCK-IMAGE
106,213059,STOCK-IMAGE
106,213060,STOCK-IMAGE
106,239806,STOCK-IMAGE
106,257974,STOCK-IMAGE
106,257975,STOCK-IMAGE
106,286396,STOCK-IMAGE
106,286397,STOCK-IMAGE
106,20768,STOCK-IMAGE
106,20769,STOCK-IMAGE
106,20812,STOCK-IMAGE
106,20813,STOCK-IMAGE
106,19567,STOCK-IMAGE
106,19568,STOCK-IMAGE
106,27788,STOCK-IMAGE
106,27789,STOCK-IMAGE
106,27795,STOCK-IMAGE
106,27797,STOCK-IMAGE
106,27798,STOCK-IMAGE
106,27799,STOCK-IMAGE
106,29009,STOCK-IMAGE
106,29010,STOCK-IMAGE
106,87896,STOCK-IMAGE
106,87897,STOCK-IMAGE
106,87899,STOCK-IMAGE
106,34443,STOCK-IMAGE
106,34444,STOCK-IMAGE
106,34445,STOCK-IMAGE
106,34446,STOCK-IMAGE
106,34447,STOCK-IMAGE
106,34448,STOCK-IMAGE
106,235485,STOCK-IMAGE
106,235486,STOCK-IMAGE
106,235487,STOCK-IMAGE
106,247682,STOCK-IMAGE
106,61056,STOCK-IMAGE
106,120582,STOCK-IMAGE
106,120583,STOCK-IMAGE
106,183336,STOCK-IMAGE
106,258997,STOCK-IMAGE
106,258998,STOCK-IMAGE
106,280455,STOCK-IMAGE
106,167257,STOCK-IMAGE
106,167258,STOCK-IMAGE
106,167286,STOCK-IMAGE
106,167287,STOCK-IMAGE
106,42506,STOCK-IMAGE
106,167259,STOCK-IMAGE
106,167260,STOCK-IMAGE
106,167285,STOCK-IMAGE
106,244131,STOCK-IMAGE
106,284359,STOCK-IMAGE
106,284360,STOCK-IMAGE
106,284361,STOCK-IMAGE
106,284362,STOCK-IMAGE
106,282186,STOCK-IMAGE
106,283533,STOCK-IMAGE
106,283534,STOCK-IMAGE
106,283535,STOCK-IMAGE
106,263046,STOCK-IMAGE
106,263047,STOCK-IMAGE
106,286064,STOCK-IMAGE
106,315425,STOCK-IMAGE
106,315426,STOCK-IMAGE
106,315671,STOCK-IMAGE
106,315672,STOCK-IMAGE
106,315748,STOCK-IMAGE
106,315749,STOCK-IMAGE
106,321180,STOCK-IMAGE
106,321186,STOCK-IMAGE
106,4620,STOCK-IMAGE
106,4621,STOCK-IMAGE
106,5207,STOCK-IMAGE
106,5208,STOCK-IMAGE
106,5209,STOCK-IMAGE
106,5210,STOCK-IMAGE
106,5370,STOCK-IMAGE
106,5371,STOCK-IMAGE
106,5372,STOCK-IMAGE
106,5414,STOCK-IMAGE
106,5415,STOCK-IMAGE
106,5759,STOCK-IMAGE
106,5760,STOCK-IMAGE
106,5773,STOCK-IMAGE
106,5774,STOCK-IMAGE
106,5944,STOCK-IMAGE
106,5945,STOCK-IMAGE
106,5948,STOCK-IMAGE
106,5949,STOCK-IMAGE
106,5950,STOCK-IMAGE
106,6042,STOCK-IMAGE
106,6043,STOCK-IMAGE
106,63759,STOCK-IMAGE
106,63760,STOCK-IMAGE
106,20032,STOCK-IMAGE
106,64169,STOCK-IMAGE
106,3830,STOCK-IMAGE
106,3831,STOCK-IMAGE
106,29758,STOCK-IMAGE
106,29759,STOCK-IMAGE
106,29760,STOCK-IMAGE
106,29761,STOCK-IMAGE
107,144240,STOCK-IMAGE
107,4735,STOCK-IMAGE
107,4736,STOCK-IMAGE
107,63721,STOCK-IMAGE
107,63722,STOCK-IMAGE
107,145080,STOCK-IMAGE
107,145081,STOCK-IMAGE
107,20177,STOCK-IMAGE
107,73124,STOCK-IMAGE
107,73125,STOCK-IMAGE
107,298522,STOCK-IMAGE
107,13231,STOCK-IMAGE
107,95677,STOCK-IMAGE
107,95678,STOCK-IMAGE
107,12209,STOCK-IMAGE
107,12210,STOCK-IMAGE
107,81800,STOCK-IMAGE
107,170086,STOCK-IMAGE
107,170088,STOCK-IMAGE
107,170090,STOCK-IMAGE
107,107239,STOCK-IMAGE
107,14927,STOCK-IMAGE
107,33279,STOCK-IMAGE
107,33355,STOCK-IMAGE
107,33356,STOCK-IMAGE
107,36609,STOCK-IMAGE
107,36610,STOCK-IMAGE
107,50945,STOCK-IMAGE
107,12005,STOCK-IMAGE
107,50891,STOCK-IMAGE
107,74117,STOCK-IMAGE
107,74118,STOCK-IMAGE
107,159481,STOCK-IMAGE
107,159482,STOCK-IMAGE
107,11608,STOCK-IMAGE
107,17574,STOCK-IMAGE
107,117650,STOCK-IMAGE
107,117651,STOCK-IMAGE
107,13251,STOCK-IMAGE
107,21231,STOCK-IMAGE
107,21232,STOCK-IMAGE
107,205553,STOCK-IMAGE
107,34229,STOCK-IMAGE
107,59763,STOCK-IMAGE
107,59764,STOCK-IMAGE
107,21681,STOCK-IMAGE
107,21682,STOCK-IMAGE
107,78284,STOCK-IMAGE
107,105533,STOCK-IMAGE
107,151459,STOCK-IMAGE
107,151460,STOCK-IMAGE
107,151461,STOCK-IMAGE
107,151462,STOCK-IMAGE
107,153141,STOCK-IMAGE
107,153139,STOCK-IMAGE
107,153140,STOCK-IMAGE
107,93422,STOCK-IMAGE
107,157748,STOCK-IMAGE
107,192863,STOCK-IMAGE
107,158729,STOCK-IMAGE
107,166819,STOCK-IMAGE
107,166818,STOCK-IMAGE
107,166820,STOCK-IMAGE
107,170764,STOCK-IMAGE
107,170762,STOCK-IMAGE
107,170761,STOCK-IMAGE
107,170740,STOCK-IMAGE
107,170728,STOCK-IMAGE
107,170726,STOCK-IMAGE
107,170669,STOCK-IMAGE
107,195189,STOCK-IMAGE
107,211628,STOCK-IMAGE
107,211666,STOCK-IMAGE
107,211661,STOCK-IMAGE
107,211665,STOCK-IMAGE
107,211659,STOCK-IMAGE
107,211660,STOCK-IMAGE
107,211652,STOCK-IMAGE
107,211626,STOCK-IMAGE
107,211627,STOCK-IMAGE
107,195022,STOCK-IMAGE
107,195021,STOCK-IMAGE
107,201731,STOCK-IMAGE
107,219899,STOCK-IMAGE
107,201757,STOCK-IMAGE
107,201758,STOCK-IMAGE
107,118254,STOCK-IMAGE
107,118255,STOCK-IMAGE
107,73316,STOCK-IMAGE
107,73317,STOCK-IMAGE
107,73300,STOCK-IMAGE
107,73301,STOCK-IMAGE
107,19581,STOCK-IMAGE
107,78538,STOCK-IMAGE
107,167041,STOCK-IMAGE
107,167042,STOCK-IMAGE
107,167043,STOCK-IMAGE
107,61030,STOCK-IMAGE
107,61031,STOCK-IMAGE
107,61849,STOCK-IMAGE
107,61850,STOCK-IMAGE
107,61852,STOCK-IMAGE
107,68625,STOCK-IMAGE
107,68626,STOCK-IMAGE
107,120977,STOCK-IMAGE
107,120978,STOCK-IMAGE
107,147588,STOCK-IMAGE
107,147589,STOCK-IMAGE
107,147769,STOCK-IMAGE
107,147770,STOCK-IMAGE
107,76366,STOCK-IMAGE
107,76367,STOCK-IMAGE
107,155049,STOCK-IMAGE
107,155050,STOCK-IMAGE
107,154937,STOCK-IMAGE
107,154938,STOCK-IMAGE
107,154939,STOCK-IMAGE
107,154940,STOCK-IMAGE
107,154804,STOCK-IMAGE
107,210290,STOCK-IMAGE
107,210291,STOCK-IMAGE
107,76658,STOCK-IMAGE
107,83737,STOCK-IMAGE
107,83738,STOCK-IMAGE
107,83739,STOCK-IMAGE
107,83740,STOCK-IMAGE
107,83741,STOCK-IMAGE
107,83886,STOCK-IMAGE
107,83887,STOCK-IMAGE
107,98458,STOCK-IMAGE
107,98459,STOCK-IMAGE
107,98460,STOCK-IMAGE
107,98706,STOCK-IMAGE
107,98707,STOCK-IMAGE
107,98708,STOCK-IMAGE
107,98709,STOCK-IMAGE
107,98710,STOCK-IMAGE
107,98711,STOCK-IMAGE
107,98712,STOCK-IMAGE
107,314368,STOCK-IMAGE
107,314369,STOCK-IMAGE
107,83362,STOCK-IMAGE
107,97505,STOCK-IMAGE
107,157284,STOCK-IMAGE
107,167321,STOCK-IMAGE
107,167322,STOCK-IMAGE
107,167323,STOCK-IMAGE
107,167324,STOCK-IMAGE
107,167325,STOCK-IMAGE
107,162759,STOCK-IMAGE
107,162760,STOCK-IMAGE
107,117986,STOCK-IMAGE
107,218514,STOCK-IMAGE
107,218515,STOCK-IMAGE
107,197531,STOCK-IMAGE
107,212530,STOCK-IMAGE
107,212531,STOCK-IMAGE
107,212532,STOCK-IMAGE
107,212533,STOCK-IMAGE
107,212534,STOCK-IMAGE
107,142096,STOCK-IMAGE
107,142097,STOCK-IMAGE
107,142098,STOCK-IMAGE
107,142099,STOCK-IMAGE
107,142100,STOCK-IMAGE
107,44329,STOCK-IMAGE
107,58031,STOCK-IMAGE
107,58032,STOCK-IMAGE
107,58170,STOCK-IMAGE
107,58171,STOCK-IMAGE
107,58172,STOCK-IMAGE
107,58207,STOCK-IMAGE
107,58242,STOCK-IMAGE
107,58243,STOCK-IMAGE
107,58244,STOCK-IMAGE
107,58245,STOCK-IMAGE
107,58300,STOCK-IMAGE
107,104331,STOCK-IMAGE
107,104333,STOCK-IMAGE
107,104335,STOCK-IMAGE
107,104336,STOCK-IMAGE
107,104337,STOCK-IMAGE
107,160683,STOCK-IMAGE
107,160684,STOCK-IMAGE
107,160685,STOCK-IMAGE
107,85399,STOCK-IMAGE
107,85400,STOCK-IMAGE
107,85417,STOCK-IMAGE
107,85418,STOCK-IMAGE
107,85425,STOCK-IMAGE
107,85426,STOCK-IMAGE
107,93810,STOCK-IMAGE
107,88783,STOCK-IMAGE
107,88799,STOCK-IMAGE
107,18463,STOCK-IMAGE
107,88900,STOCK-IMAGE
107,89108,STOCK-IMAGE
107,89139,STOCK-IMAGE
107,91771,STOCK-IMAGE
107,91772,STOCK-IMAGE
107,91783,STOCK-IMAGE
107,91784,STOCK-IMAGE
107,92684,STOCK-IMAGE
107,92809,STOCK-IMAGE
107,92970,STOCK-IMAGE
107,211289,STOCK-IMAGE
107,211291,STOCK-IMAGE
107,211299,STOCK-IMAGE
107,131756,STOCK-IMAGE
107,131757,STOCK-IMAGE
107,131836,STOCK-IMAGE
107,131763,STOCK-IMAGE
107,150978,STOCK-IMAGE
107,150979,STOCK-IMAGE
107,158150,STOCK-IMAGE
107,158212,STOCK-IMAGE
107,158276,STOCK-IMAGE
107,158277,STOCK-IMAGE
107,158368,STOCK-IMAGE
107,254973,STOCK-IMAGE
107,254974,STOCK-IMAGE
107,254979,STOCK-IMAGE
107,254980,STOCK-IMAGE
108,226053,STOCK-IMAGE
108,316993,STOCK-IMAGE
108,244288,STOCK-IMAGE
108,91773,STOCK-IMAGE
108,33282,STOCK-IMAGE
108,43922,STOCK-IMAGE
108,92956,STOCK-IMAGE
108,336575,STOCK-IMAGE
108,43919,STOCK-IMAGE
