201536,/static/img/creatives/201536.jpg
15339,/static/img/creatives/15339.jpg
42771,/static/img/creatives/42771.jpg
44017,/static/img/creatives/44017.jpg
164426,/static/img/creatives/164426.jpg
190581,/static/img/creatives/190581.jpg
201536,/static/img/creatives/201536.jpg
204738,/static/img/creatives/204738.jpg
210252,/static/img/creatives/210252.jpg
240274,/static/img/creatives/240274.jpg
249469,/static/img/creatives/249469.jpg
261146,/static/img/creatives/261146.jpg
280889,/static/img/creatives/280889.jpg
354205,/static/img/creatives/354205.jpg
